PRD0900002;5
PRD0900004;4
PRD0900005;4
PRD0900006;9
PRD0900007;4
PRD0900008;39
PRD0900009;1
PRD0900010;2
PRD0900013;8
PRD0900014;8
PRD0900015;5
PRD0900017;4
PRD0900018;2
PRD0900019;2
PRD0900021;2
PRD0900025;2
PRD0900026;2
PRD0900027;8
PRD0900028;2
PRD0900029;3
PRD0900030;1
PRD0900032;5
PRD0900033;4
PRD0900034;9
PRD0900036;1
PRD0900037;2
PRD0900040;5
PRD0900044;5
PRD0900045;4
PRD0900046;4
PRD0900048;2
PRD0900049;4
PRD0900050;4
PRD0900051;5
PRD0900052;3
PRD0900053;9
PRD0900054;3
PRD0900055;4
PRD0900056;3
PRD0900057;3
PRD0900058;13
PRD0900060;4
PRD0900061;1
PRD0900062;1
PRD0900064;1
PRD0900065;20
PRD0900066;16
PRD0900069;3
PRD0900071;2
PRD0900074;3
PRD0900076;6
PRD0900077;2
PRD0900078;4
PRD0900080;4
PRD0900082;2
PRD0900083;4
PRD0900084;1
PRD0900085;2
PRD0900087;16
PRD0900088;2
PRD0900089;1
PRD0900091;3
PRD0900092;5
PRD0900093;9
PRD0900094;1
PRD0900095;7
PRD0900097;55
PRD0900099;4
PRD0900101;1
PRD0900102;1
PRD0900103;1
PRD0900104;4
PRD0900105;2
PRD0900107;5
PRD0900108;1
PRD0900109;12
PRD0900111;1
PRD0900112;1
PRD0900113;3
PRD0900114;1
PRD0900115;4
PRD0900116;2
PRD0900117;1
PRD0900118;3
PRD0900119;5
PRD0900121;411
PRD0900123;1
PRD0900124;2
PRD0900125;4
PRD0900127;1
PRD0900128;5
PRD0900129;7
PRD0900130;1
PRD0900132;4
PRD0900133;1
PRD0900135;11
PRD0900138;2
PRD0900139;15
PRD0900140;9
PRD0900142;5
PRD0900143;7
PRD0900144;6
PRD0900145;13
PRD0900146;2
PRD0900147;8
PRD0900148;1
PRD0900149;8
PRD0900150;1
PRD0900151;13
PRD0900153;3
PRD0900154;8
PRD0900155;4
PRD0900157;3
PRD0900158;4
PRD0900159;60
PRD0900160;3
PRD0900161;6
PRD0900162;18
PRD0900164;1
PRD0900165;1
PRD0900166;10
PRD0900167;6
PRD0900168;3
PRD0900169;2
PRD0900170;1
PRD0900171;2
PRD0900172;1
PRD0900173;134
PRD0900174;9
PRD0900175;6
PRD0900176;1
PRD0900177;6
PRD0900178;2
PRD0900179;4
PRD0900180;1
PRD0900181;9
PRD0900182;1
PRD0900183;1
PRD0900185;1
PRD0900187;2
PRD0900188;2
PRD0900189;2
PRD0900195;6
PRD0900196;19
PRD0900198;5
PRD0900199;9
PRD0900200;12
PRD0900201;4
PRD0900202;36
PRD0900204;13
PRD0900205;2
PRD0900207;2
PRD0900209;1
PRD0900210;2
PRD0900211;1
PRD0900212;13
PRD0900213;9
PRD0900214;4
PRD0900215;2
PRD0900216;4
PRD0900217;5
PRD0900218;23
PRD0900219;21
PRD0900220;16
PRD0900221;3
PRD0900222;2
PRD0900224;3
PRD0900225;1
PRD0900226;5
PRD0900227;2
PRD0900228;7
PRD0900229;8
PRD0900230;2
PRD0900231;3
PRD0900233;20
PRD0900234;25
PRD0900235;2
PRD0900236;2
PRD0900238;6
PRD0900239;38
PRD0900241;3
PRD0900242;7
PRD0900243;5
PRD0900244;5
PRD0900247;1
PRD0900248;8
PRD0900249;38
PRD0900251;13
PRD0900254;53
PRD0900255;2
PRD0900256;4
PRD0900258;4
PRD0900259;1
PRD0900260;8
PRD0900261;2
PRD0900262;10
PRD0900263;3
PRD0900264;2
PRD0900265;16
PRD0900267;5
PRD0900269;1
PRD0900270;5
PRD0900271;3
PRD0900272;1
PRD0900273;3
PRD0900274;1
PRD0900275;4
PRD0900277;1
PRD0900278;3
PRD0900280;1
PRD0900282;2
PRD0900284;10
PRD0900285;3
PRD0900286;1
PRD0900287;2
PRD0900289;3
PRD0900290;14
PRD0900291;9
PRD0900292;6
PRD0900293;3
PRD0900294;13
PRD0900295;10
PRD0900296;20
PRD0900297;3
PRD0900298;4
PRD0900300;6
PRD0900302;33
PRD0900304;3
PRD0900305;1
PRD0900306;2
PRD0900308;3
PRD0900309;1
PRD0900310;4
PRD0900311;10
PRD0900312;2
PRD0900313;1
PRD0900314;14
PRD0900315;4
PRD0900316;2
PRD0900318;6
PRD0900319;5
PRD0900320;1
PRD0900321;9
PRD0900322;1
PRD0900324;32
PRD0900325;1
PRD0900326;2
PRD0900327;2
PRD0900328;1
PRD0900329;16
PRD0900330;24
PRD0900331;9
PRD0900332;9
PRD0900333;1
PRD0900335;2
PRD0900336;5
PRD0900337;5
PRD0900338;8
PRD0900339;1
PRD0900340;12
PRD0900341;2
PRD0900342;6
PRD0900343;2
PRD0900345;7
PRD0900346;19
PRD0900347;6
PRD0900348;6
PRD0900349;6
PRD0900350;1
PRD0900353;1
PRD0900354;7
PRD0900356;7
PRD0900357;10
PRD0900358;9
PRD0900359;11
PRD0900360;3
PRD0900361;1
PRD0900362;8
PRD0900363;9
PRD0900366;1
PRD0900367;2
PRD0900368;1
PRD0900369;5
PRD0900370;3
PRD0900371;2
PRD0900372;7
PRD0900373;6
PRD0900374;2
PRD0900375;15
PRD0900376;8
PRD0900378;1
PRD0900380;10
PRD0900381;2
PRD0900382;5
PRD0900384;10
PRD0900385;25
PRD0900386;1
PRD0900387;8
PRD0900388;20
PRD0900390;11
PRD0900391;5
PRD0900393;7
PRD0900394;8
PRD0900395;8
PRD0900396;4
PRD0900397;3
PRD0900398;12
PRD0900399;6
PRD0900400;12
PRD0900401;8
PRD0900403;2
PRD0900405;2
PRD0900406;2
PRD0900407;13
PRD0900408;1
PRD0900409;4
PRD0900410;2
PRD0900411;13
PRD0900412;1
PRD0900413;9
PRD0900414;7
PRD0900415;36
PRD0900416;3
PRD0900417;2
PRD0900420;3
PRD0900421;3
PRD0900422;2
PRD0900423;1
PRD0900424;4
PRD0900425;2
PRD0900426;2
PRD0900427;2
PRD0900429;6
PRD0900430;5
PRD0900431;7
PRD0900432;11
PRD0900433;1
PRD0900434;4
PRD0900435;11
PRD0900436;4
PRD0900437;1
PRD0900438;3
PRD0900439;3
PRD0900440;28
PRD0900442;3
PRD0900443;1
PRD0900444;1
PRD0900445;2
PRD0900447;5
PRD0900448;2
PRD0900449;3
PRD0900450;7
PRD0900452;7
PRD0900453;2
PRD0900454;3
PRD0900456;21
PRD0900457;9
PRD0900459;1
PRD0900460;1
PRD0900461;8
PRD0900462;6
PRD0900463;5
PRD0900464;1
PRD0900465;14
PRD0900467;3
PRD0900468;4
PRD0900469;6
PRD0900470;1
PRD0900471;6
PRD0900472;10
PRD0900473;3
PRD0900474;11
PRD0900475;15
PRD0900476;2
PRD0900477;2
PRD0900478;4
PRD0900479;1
PRD0900481;3
PRD0900482;3
PRD0900483;1
PRD0900484;4
PRD0900486;5
PRD0900487;15
PRD0900488;3
PRD0900489;6
PRD0900490;1
PRD0900491;2
PRD0900492;3
PRD0900493;14
PRD0900494;23
PRD0900498;3
PRD0900499;2
PRD0900500;12
PRD0900501;1
PRD0900502;2
PRD0900503;1
PRD0900505;1
PRD0900506;1
PRD0900507;7
PRD0900508;9
PRD0900509;2
PRD0900512;2
PRD0900513;2
PRD0900514;1
PRD0900516;3
PRD0900517;11
PRD0900518;1
PRD0900519;6
PRD0900520;4
PRD0900521;3
PRD0900522;11
PRD0900523;15
PRD0900524;2
PRD0900525;1
PRD0900526;7
PRD0900527;1
PRD0900528;1
PRD0900530;1
PRD0900531;74
PRD0900532;7
PRD0900533;2
PRD0900534;4
PRD0900536;2
PRD0900537;3
PRD0900538;2
PRD0900540;12
PRD0900541;4
PRD0900542;5
PRD0900543;2
PRD0900545;1
PRD0900547;8
PRD0900548;4
PRD0900551;2
PRD0900553;2
PRD0900554;2
PRD0900555;5
PRD0900556;2
PRD0900557;4
PRD0900559;2
PRD0900560;2
PRD0900561;4
PRD0900563;3
PRD0900564;6
PRD0900565;7
PRD0900566;2
PRD0900567;17
PRD0900568;5
PRD0900569;10
PRD0900570;1
PRD0900571;4
PRD0900572;7
PRD0900573;3
PRD0900574;3
PRD0900575;1
PRD0900577;1
PRD0900578;2
PRD0900580;25
PRD0900581;2
PRD0900582;4
PRD0900583;3
PRD0900584;10
PRD0900585;1
PRD0900588;2
PRD0900589;3
PRD0900592;3
PRD0900593;3
PRD0900595;3
PRD0900596;1
PRD0900597;1
PRD0900598;7
PRD0900599;2
PRD0900602;10
PRD0900603;8
PRD0900605;4
PRD0900606;8
PRD0900607;5
PRD0900608;5
PRD0900609;19
PRD0900610;2
PRD0900613;3
PRD0900614;11
PRD0900615;5
PRD0900617;4
PRD0900618;5
PRD0900619;5
PRD0900621;4
PRD0900622;6
PRD0900623;3
PRD0900624;4
PRD0900626;1
PRD0900627;3
PRD0900628;3
PRD0900630;2
PRD0900631;8
PRD0900632;6
PRD0900633;9
PRD0900634;3
PRD0900636;5
PRD0900637;14
PRD0900638;1
PRD0900639;3
PRD0900640;1
PRD0900641;1
PRD0900643;3
PRD0900644;1
PRD0900645;1
PRD0900647;1
PRD0900648;19
PRD0900649;17
PRD0900651;5
PRD0900653;18
PRD0900654;6
PRD0900655;2
PRD0900656;8
PRD0900658;2
PRD0900659;1
PRD0900660;13
PRD0900662;3
PRD0900663;1
PRD0900664;6
PRD0900665;9
PRD0900666;4
PRD0900667;4
PRD0900668;2
PRD0900669;4
PRD0900670;14
PRD0900672;8
PRD0900673;5
PRD0900674;1
PRD0900675;14
PRD0900676;22
PRD0900677;1
PRD0900679;58
PRD0900680;3
PRD0900682;1
PRD0900683;6
PRD0900684;43
PRD0900685;8
PRD0900686;5
PRD0900687;6
PRD0900688;4
PRD0900689;2
PRD0900690;1
PRD0900691;39
PRD0900692;7
PRD0900695;9
PRD0900698;3
PRD0900699;2
PRD0900700;12
PRD0900701;5
PRD0900702;4
PRD0900705;5
PRD0900707;3
PRD0900709;9
PRD0900712;2
PRD0900713;3
PRD0900715;8
PRD0900717;4
PRD0900718;4
PRD0900719;4
PRD0900720;2
PRD0900721;2
PRD0900722;6
PRD0900723;5
PRD0900724;4
PRD0900725;5
PRD0900727;3
PRD0900728;5
PRD0900729;12
PRD0900731;2
PRD0900732;2
PRD0900733;22
PRD0900734;6
PRD0900735;2
PRD0900736;15
PRD0900737;3
PRD0900738;1
PRD0900740;2
PRD0900741;15
PRD0900743;4
PRD0900744;6
PRD0900745;8
PRD0900747;1
PRD0900748;24
PRD0900749;5
PRD0900751;5
PRD0900752;3
PRD0900753;13
PRD0900754;2
PRD0900755;15
PRD0900757;7
PRD0900759;6
PRD0900760;6
PRD0900761;4
PRD0900762;1
PRD0900764;2
PRD0900765;3
PRD0900766;2
PRD0900767;2
PRD0900769;6
PRD0900771;3
PRD0900774;22
PRD0900775;6
PRD0900776;3
PRD0900777;2
PRD0900779;4
PRD0900780;12
PRD0900781;3
PRD0900784;1
PRD0900785;1
PRD0900786;11
PRD0900787;1
PRD0900788;2
PRD0900790;1
PRD0900791;5
PRD0900794;5
PRD0900795;1
PRD0900796;2
PRD0900797;6
PRD0900800;2
PRD0900801;4
PRD0900802;2
PRD0900803;9
PRD0900805;3
PRD0900807;7
PRD0900809;4
PRD0900810;9
PRD0900811;4
PRD0900812;1
PRD0900814;2
PRD0900815;7
PRD0900817;6
PRD0900818;5
PRD0900819;11
PRD0900820;2
PRD0900821;3
PRD0900822;2
PRD0900823;2
PRD0900825;2
PRD0900826;3
PRD0900828;1
PRD0900830;189
PRD0900832;3
PRD0900833;11
PRD0900834;5
PRD0900835;4
PRD0900836;13
PRD0900837;6
PRD0900838;4
PRD0900839;4
PRD0900840;7
PRD0900843;2
PRD0900844;3
PRD0900845;4
PRD0900846;5
PRD0900847;1
PRD0900849;4
PRD0900851;5
PRD0900852;4
PRD0900853;3
PRD0900854;2
PRD0900855;2
PRD0900856;1
PRD0900857;3
PRD0900858;2
PRD0900859;21
PRD0900860;4
PRD0900862;3
PRD0900863;5
PRD0900865;4
PRD0900867;12
PRD0900868;15
PRD0900869;1
PRD0900870;4
PRD0900871;3
PRD0900873;5
PRD0900875;18
PRD0900876;11
PRD0900877;3
PRD0900878;3
PRD0900881;1
PRD0900882;9
PRD0900883;3
PRD0900884;3
PRD0900885;7
PRD0900886;4
PRD0900887;2
PRD0900888;6
PRD0900889;11
PRD0900890;9
PRD0900891;4
PRD0900893;4
PRD0900896;2
PRD0900897;3
PRD0900898;5
PRD0900899;4
PRD0900900;1
PRD0900901;3
PRD0900902;30
PRD0900903;3
PRD0900904;2
PRD0900905;1
PRD0900906;4
PRD0900907;25
PRD0900908;17
PRD0900911;3
PRD0900912;2
PRD0900914;1
PRD0900915;1
PRD0900917;7
PRD0900918;2
PRD0900919;3
PRD0900920;1
PRD0900921;1
PRD0900922;3
PRD0900923;11
PRD0900925;4
PRD0900926;18
PRD0900927;8
PRD0900928;1
PRD0900929;3
PRD0900930;2
PRD0900931;2
PRD0900933;3
PRD0900934;5
PRD0900935;3
PRD0900936;5
PRD0900937;1
PRD0900938;6
PRD0900939;11
PRD0900942;1
PRD0900943;1
PRD0900944;3
PRD0900946;6
PRD0900948;4
PRD0900951;10
PRD0900953;2
PRD0900954;11
PRD0900955;1
PRD0900956;4
PRD0900958;5
PRD0900959;18
PRD0900961;2
PRD0900962;14
PRD0900963;5
PRD0900964;2
PRD0900965;4
PRD0900966;18
PRD0900967;23
PRD0900968;26
PRD0900971;9
PRD0900972;2
PRD0900973;5
PRD0900975;1
PRD0900976;3
PRD0900977;2
PRD0900978;2
PRD0900979;1
PRD0900981;1
PRD0900982;2
PRD0900983;14
PRD0900984;8
PRD0900986;41
PRD0900989;1
PRD0900991;7
PRD0900993;2
PRD0900994;2
PRD0900995;1
PRD0900996;7
PRD0900997;1
PRD0900998;2
PRD0900999;1
PRD0901001;2
PRD0901002;1
PRD0901003;33
PRD0901004;7
PRD0901006;4
PRD0901007;42
PRD0901008;10
PRD0901009;34
PRD0901010;4
PRD0901011;2
PRD0901012;2
PRD0901013;6
PRD0901014;10
PRD0901016;1
PRD0901017;8
PRD0901018;2
PRD0901019;1
PRD0901020;2
PRD0901021;1
PRD0901024;3
PRD0901025;2
PRD0901026;29
PRD0901027;7
PRD0901028;9
PRD0901031;2
PRD0901032;4
PRD0901034;3
PRD0901035;12
PRD0901037;5
PRD0901038;5
PRD0901039;5
PRD0901042;2
PRD0901043;2
PRD0901044;3
PRD0901045;5
PRD0901046;1
PRD0901047;4
PRD0901048;15
PRD0901049;11
PRD0901051;1
PRD0901052;7
PRD0901053;6
PRD0901054;1
PRD0901055;5
PRD0901056;4
PRD0901058;3
PRD0901059;3
PRD0901060;65
PRD0901062;4
PRD0901063;1
PRD0901065;2
PRD0901066;29
PRD0901067;20
PRD0901068;37
PRD0901069;2
PRD0901070;4
PRD0901071;1
PRD0901072;4
PRD0901074;3
PRD0901075;5
PRD0901076;5
PRD0901077;4
PRD0901078;2
PRD0901079;4
PRD0901080;1
PRD0901081;3
PRD0901082;3
PRD0901083;6
PRD0901084;16
PRD0901086;9
PRD0901087;3
PRD0901088;21
PRD0901089;2
PRD0901090;10
PRD0901092;12
PRD0901093;3
PRD0901094;17
PRD0901097;1
PRD0901098;17
PRD0901099;3
PRD0901100;6
PRD0901101;11
PRD0901102;3
PRD0901103;5
PRD0901104;1
PRD0901105;9
PRD0901106;4
PRD0901108;1
PRD0901109;4
PRD0901110;1
PRD0901111;2
PRD0901112;6
PRD0901113;8
PRD0901114;12
PRD0901116;8
PRD0901118;3
PRD0901119;2
PRD0901121;2
PRD0901122;4
PRD0901123;14
PRD0901124;6
PRD0901125;2
PRD0901127;4
PRD0901128;2
PRD0901129;2
PRD0901131;2
PRD0901132;7
PRD0901133;5
PRD0901134;5
PRD0901136;11
PRD0901137;6
PRD0901138;3
PRD0901139;7
PRD0901140;4
PRD0901141;10
PRD0901142;1
PRD0901143;2
PRD0901144;3
PRD0901145;11
PRD0901146;3
PRD0901147;5
PRD0901148;3
PRD0901150;6
PRD0901151;4
PRD0901152;4
PRD0901153;11
PRD0901157;4
PRD0901158;1
PRD0901160;3
PRD0901161;4
PRD0901163;10
PRD0901165;25
PRD0901166;3
PRD0901167;5
PRD0901168;4
PRD0901169;6
PRD0901170;7
PRD0901171;7
PRD0901172;7
PRD0901173;13
PRD0901176;4
PRD0901178;1
PRD0901179;5
PRD0901180;12
PRD0901181;3
PRD0901182;11
PRD0901185;4
PRD0901186;4
PRD0901187;10
PRD0901188;1
PRD0901190;3
PRD0901192;11
PRD0901193;1
PRD0901194;2
PRD0901195;2
PRD0901196;3
PRD0901197;3
PRD0901198;5
PRD0901199;6
PRD0901200;4
PRD0901201;7
PRD0901202;5
PRD0901204;1
PRD0901205;7
PRD0901206;2
PRD0901207;2
PRD0901209;1
PRD0901210;1
PRD0901211;4
PRD0901212;18
PRD0901214;8
PRD0901215;5
PRD0901216;30
PRD0901218;2
PRD0901219;12
PRD0901220;19
PRD0901221;5
PRD0901222;9
PRD0901223;2
PRD0901224;3
PRD0901225;5
PRD0901226;2
PRD0901227;4
PRD0901228;57
PRD0901229;5
PRD0901230;7
PRD0901231;2
PRD0901233;3
PRD0901235;1
PRD0901237;3
PRD0901238;3
PRD0901239;12
PRD0901240;1
PRD0901241;2
PRD0901242;17
PRD0901243;1
PRD0901246;1
PRD0901247;2
PRD0901248;16
PRD0901249;1
PRD0901250;2
PRD0901251;2
PRD0901252;2
PRD0901253;12
PRD0901254;4
PRD0901255;6
PRD0901256;5
PRD0901257;1
PRD0901258;8
PRD0901259;1
PRD0901261;3
PRD0901262;5
PRD0901263;2
PRD0901264;12
PRD0901265;231
PRD0901268;1
PRD0901269;3
PRD0901270;3
PRD0901271;1
PRD0901272;2
PRD0901274;1
PRD0901276;17
PRD0901277;3
PRD0901278;99
PRD0901279;10
PRD0901280;9
PRD0901281;3
PRD0901282;3
PRD0901283;9
PRD0901284;2
PRD0901285;4
PRD0901286;3
PRD0901287;5
PRD0901288;3
PRD0901289;2
PRD0901290;2
PRD0901291;1
PRD0901292;4
PRD0901293;3
PRD0901294;30
PRD0901295;5
PRD0901297;4
PRD0901298;2
PRD0901299;3
PRD0901301;4
PRD0901303;3
PRD0901304;15
PRD0901305;4
PRD0901306;5
PRD0901307;5
PRD0901308;5
PRD0901309;3
PRD0901310;3
PRD0901311;2
PRD0901316;51
PRD0901317;11
PRD0901318;1
PRD0901319;9
PRD0901322;1
PRD0901323;1
PRD0901324;2
PRD0901327;6
PRD0901328;8
PRD0901329;20
PRD0901331;3
PRD0901332;1
PRD0901333;3
PRD0901334;2
PRD0901335;15
PRD0901336;2
PRD0901337;5
PRD0901338;4
PRD0901339;1
PRD0901340;9
PRD0901341;1
PRD0901342;1
PRD0901343;6
PRD0901348;75
PRD0901349;2
PRD0901350;10
PRD0901351;2
PRD0901352;3
PRD0901353;18
PRD0901354;3
PRD0901355;5
PRD0901356;5
PRD0901357;10
PRD0901358;1
PRD0901359;24
PRD0901360;1
PRD0901361;4
PRD0901364;7
PRD0901365;43
PRD0901366;7
PRD0901367;2
PRD0901369;13
PRD0901370;2
PRD0901374;3
PRD0901375;4
PRD0901376;5
PRD0901377;2
PRD0901379;1
PRD0901381;10
PRD0901382;4
PRD0901383;82
PRD0901384;2
PRD0901385;1
PRD0901386;5
PRD0901387;6
PRD0901388;4
PRD0901389;10
PRD0901390;4
PRD0901391;1
PRD0901392;11
PRD0901393;4
PRD0901394;3
PRD0901395;6
PRD0901396;3
PRD0901398;5
PRD0901399;1
PRD0901400;6
PRD0901401;4
PRD0901402;5
PRD0901403;3
PRD0901404;5
PRD0901405;13
PRD0901406;4
PRD0901407;10
PRD0901408;4
PRD0901409;2
PRD0901410;7
PRD0901411;6
PRD0901412;1
PRD0901413;1
PRD0901414;6
PRD0901415;3
PRD0901416;4
PRD0901417;8
PRD0901419;12
PRD0901420;8
PRD0901421;9
PRD0901422;19
PRD0901423;3
PRD0901424;7
PRD0901426;3
PRD0901427;3
PRD0901428;8
PRD0901429;2
PRD0901430;3
PRD0901431;8
PRD0901432;3
PRD0901434;6
PRD0901435;3
PRD0901437;1
PRD0901440;1
PRD0901441;4
PRD0901443;4
PRD0901445;4
PRD0901446;10
PRD0901448;1
PRD0901449;2
PRD0901450;5
PRD0901451;3
PRD0901455;2
PRD0901456;4
PRD0901457;4
PRD0901458;6
PRD0901459;4
PRD0901461;1
PRD0901463;3
PRD0901464;3
PRD0901465;2
PRD0901466;1
PRD0901468;13
PRD0901469;13
PRD0901470;6
PRD0901473;2
PRD0901474;9
PRD0901475;2
PRD0901476;1
PRD0901477;2
PRD0901478;18
PRD0901480;8
PRD0901481;1
PRD0901482;1
PRD0901483;9
PRD0901484;1
PRD0901486;12
PRD0901487;1
PRD0901488;14
PRD0901489;6
PRD0901490;3
PRD0901491;3
PRD0901492;4
PRD0901495;2
PRD0901496;9
PRD0901498;4
PRD0901499;27
PRD0901500;12
PRD0901501;4
PRD0901502;5
PRD0901503;3
PRD0901504;3
PRD0901505;18
PRD0901506;7
PRD0901507;4
PRD0901508;7
PRD0901510;16
PRD0901513;1
PRD0901514;3
PRD0901515;5
PRD0901516;3
PRD0901518;2
PRD0901519;2
PRD0901520;9
PRD0901521;3
PRD0901522;11
PRD0901523;2
PRD0901524;6
PRD0901527;22
PRD0901528;5
PRD0901529;8
PRD0901530;1
PRD0901531;2
PRD0901532;5
PRD0901533;5
PRD0901535;20
PRD0901536;2
PRD0901537;1
PRD0901539;1
PRD0901540;1
PRD0901541;9
PRD0901542;4
PRD0901543;8
PRD0901544;3
PRD0901545;9
PRD0901546;2
PRD0901547;4
PRD0901548;14
PRD0901549;47
PRD0901551;1
PRD0901552;3
PRD0901553;3
PRD0901554;3
PRD0901555;1
PRD0901556;3
PRD0901558;1
PRD0901560;3
PRD0901561;9
PRD0901562;22
PRD0901563;3
PRD0901564;2
PRD0901565;7
PRD0901567;3
PRD0901568;6
PRD0901569;13
PRD0901571;6
PRD0901573;6
PRD0901574;2
PRD0901576;3
PRD0901577;13
PRD0901578;1
PRD0901579;5
PRD0901580;5
PRD0901584;7
PRD0901585;23
PRD0901586;1
PRD0901587;1
PRD0901588;3
PRD0901589;11
PRD0901590;9
PRD0901591;2
PRD0901592;6
PRD0901593;2
PRD0901594;8
PRD0901597;4
PRD0901598;1
PRD0901599;1
PRD0901600;7
PRD0901601;1
PRD0901603;2
PRD0901604;6
PRD0901605;1
PRD0901608;12
PRD0901609;4
PRD0901610;7
PRD0901611;9
PRD0901612;1
PRD0901613;3
PRD0901614;6
PRD0901615;1
PRD0901616;5
PRD0901617;8
PRD0901618;2
PRD0901619;12
PRD0901620;7
PRD0901621;5
PRD0901622;10
PRD0901624;2
PRD0901626;2
PRD0901627;18
PRD0901628;2
PRD0901629;1
PRD0901631;2
PRD0901632;3
PRD0901634;1
PRD0901635;5
PRD0901636;4
PRD0901637;1
PRD0901638;9
PRD0901639;3
PRD0901644;2
PRD0901645;3
PRD0901647;8
PRD0901648;5
PRD0901649;1
PRD0901650;10
PRD0901651;3
PRD0901652;51
PRD0901653;18
PRD0901655;2
PRD0901656;14
PRD0901658;2
PRD0901659;3
PRD0901662;20
PRD0901663;1
PRD0901665;1
PRD0901666;7
PRD0901667;6
PRD0901669;2
PRD0901670;7
PRD0901672;75
PRD0901673;8
PRD0901674;4
PRD0901675;5
PRD0901676;4
PRD0901677;3
PRD0901678;3
PRD0901679;16
PRD0901680;2
PRD0901681;3
PRD0901682;1
PRD0901684;7
PRD0901685;1
PRD0901687;5
PRD0901688;7
PRD0901691;4
PRD0901692;3
PRD0901693;1
PRD0901694;2
PRD0901695;2
PRD0901698;3
PRD0901699;3
PRD0901700;2
PRD0901701;1
PRD0901702;2
PRD0901703;2
PRD0901704;3
PRD0901705;14
PRD0901706;7
PRD0901707;5
PRD0901708;1
PRD0901711;2
PRD0901712;42
PRD0901713;4
PRD0901715;1
PRD0901716;11
PRD0901717;4
PRD0901718;11
PRD0901719;1
PRD0901720;7
PRD0901721;3
PRD0901723;3
PRD0901727;7
PRD0901728;11
PRD0901729;2
PRD0901730;1
PRD0901732;2
PRD0901733;4
PRD0901734;5
PRD0901735;4
PRD0901738;2
PRD0901739;2
PRD0901740;36
PRD0901741;7
PRD0901742;7
PRD0901743;8
PRD0901744;5
PRD0901745;2
PRD0901746;2
PRD0901747;1
PRD0901749;4
PRD0901750;3
PRD0901752;5
PRD0901753;3
PRD0901754;1
PRD0901755;2
PRD0901757;4
PRD0901758;4
PRD0901759;7
PRD0901761;5
PRD0901762;4
PRD0901763;10
PRD0901764;3
PRD0901765;1
PRD0901766;10
PRD0901767;2
PRD0901768;3
PRD0901769;7
PRD0901770;6
PRD0901771;15
PRD0901773;10
PRD0901775;24
PRD0901776;14
PRD0901777;21
PRD0901778;8
PRD0901779;7
PRD0901780;1
PRD0901781;1
PRD0901785;2
PRD0901786;4
PRD0901787;1
PRD0901788;2
PRD0901789;17
PRD0901791;2
PRD0901792;2
PRD0901794;3
PRD0901795;1
PRD0901797;4
PRD0901798;18
PRD0901799;4
PRD0901800;2
PRD0901801;2
PRD0901802;2
PRD0901803;1
PRD0901805;4
PRD0901806;1
PRD0901808;2
PRD0901809;6
PRD0901810;5
PRD0901811;20
PRD0901812;1
PRD0901813;6
PRD0901817;3
PRD0901818;2
PRD0901820;7
PRD0901821;37
PRD0901822;6
PRD0901823;8
PRD0901824;5
PRD0901825;1
PRD0901826;7
PRD0901827;10
PRD0901828;1
PRD0901829;1
PRD0901831;3
PRD0901832;4
PRD0901833;3
PRD0901834;5
PRD0901835;6
PRD0901836;1
PRD0901837;38
PRD0901838;4
PRD0901839;2
PRD0901840;2
PRD0901842;1
PRD0901843;2
PRD0901844;7
PRD0901845;6
PRD0901848;18
PRD0901849;1
PRD0901850;27
PRD0901852;1
PRD0901853;21
PRD0901854;1
PRD0901855;3
PRD0901856;1
PRD0901857;2
PRD0901858;6
PRD0901859;1
PRD0901860;12
PRD0901861;17
PRD0901862;4
PRD0901863;5
PRD0901865;2
PRD0901866;6
PRD0901867;6
PRD0901869;3
PRD0901870;3
PRD0901871;15
PRD0901872;13
PRD0901873;4
PRD0901874;3
PRD0901876;4
PRD0901877;7
PRD0901878;73
PRD0901881;9
PRD0901883;1
PRD0901884;1
PRD0901885;2
PRD0901886;7
PRD0901887;129
PRD0901888;10
PRD0901891;11
PRD0901892;14
PRD0901894;1
PRD0901896;7
PRD0901897;3
PRD0901898;2
PRD0901899;2
PRD0901900;3
PRD0901901;8
PRD0901903;3
PRD0901904;13
PRD0901905;2
PRD0901906;8
PRD0901907;3
PRD0901908;4
PRD0901909;2
PRD0901912;3
PRD0901913;2
PRD0901914;1
PRD0901915;8
PRD0901916;4
PRD0901917;11
PRD0901918;14
PRD0901919;3
PRD0901920;11
PRD0901921;3
PRD0901923;7
PRD0901924;12
PRD0901925;5
PRD0901926;4
PRD0901927;5
PRD0901928;2
PRD0901929;5
PRD0901930;1
PRD0901931;3
PRD0901933;1
PRD0901935;2
PRD0901936;9
PRD0901937;2
PRD0901938;8
PRD0901939;2
PRD0901942;1
PRD0901944;7
PRD0901945;22
PRD0901946;8
PRD0901948;55
PRD0901950;2
PRD0901951;1
PRD0901953;2
PRD0901954;8
PRD0901955;5
PRD0901957;9
PRD0901958;3
PRD0901959;3
PRD0901960;2
PRD0901961;18
PRD0901962;4
PRD0901964;2
PRD0901965;5
PRD0901966;7
PRD0901967;5
PRD0901968;2
PRD0901969;6
PRD0901970;3
PRD0901971;2
PRD0901972;1
PRD0901973;4
PRD0901974;3
PRD0901975;3
PRD0901977;7
PRD0901978;2
PRD0901981;6
PRD0901982;6
PRD0901983;9
PRD0901985;8
PRD0901986;2
PRD0901987;6
PRD0901988;3
PRD0901989;3
PRD0901990;6
PRD0901991;5
PRD0901992;5
PRD0901994;1
PRD0901996;8
PRD0901997;4
PRD0901998;2
PRD0902000;12
PRD0902001;1
PRD0902003;1
PRD0902006;2
PRD0902007;4
PRD0902008;34
PRD0902009;1
PRD0902010;5
PRD0902011;4
PRD0902012;5
PRD0902013;9
PRD0902014;5
PRD0902015;7
PRD0902016;3
PRD0902017;4
PRD0902018;6
PRD0902019;5
PRD0902020;1
PRD0902021;1
PRD0902022;1
PRD0902023;1
PRD0902024;1
PRD0902025;5
PRD0902026;3
PRD0902027;12
PRD0902028;3
PRD0902029;85
PRD0902031;3
PRD0902032;5
PRD0902034;3
PRD0902036;5
PRD0902040;4
PRD0902041;4
PRD0902043;7
PRD0902044;10
PRD0902045;2
PRD0902047;2
PRD0902048;2
PRD0902049;6
PRD0902050;2
PRD0902051;4
PRD0902052;1
PRD0902053;16
PRD0902054;8
PRD0902055;1
PRD0902056;8
PRD0902058;1
PRD0902059;1
PRD0902060;23
PRD0902061;2
PRD0902062;1
PRD0902063;8
PRD0902064;15
PRD0902065;4
PRD0902066;7
PRD0902068;6
PRD0902069;5
PRD0902070;3
PRD0902072;1
PRD0902074;2
PRD0902075;7
PRD0902076;3
PRD0902077;6
PRD0902078;5
PRD0902079;2
PRD0902081;4
PRD0902082;1
PRD0902083;8
PRD0902084;4
PRD0902087;21
PRD0902088;4
PRD0902090;3
PRD0902091;9
PRD0902092;4
PRD0902093;5
PRD0902094;1
PRD0902096;3
PRD0902097;5
PRD0902098;5
PRD0902099;28
PRD0902100;4
PRD0902101;4
PRD0902102;5
PRD0902103;27
PRD0902105;4
PRD0902106;3
PRD0902107;9
PRD0902108;6
PRD0902109;5
PRD0902110;5
PRD0902112;5
PRD0902115;9
PRD0902116;22
PRD0902117;3
PRD0902118;4
PRD0902119;4
PRD0902120;4
PRD0902121;1
PRD0902122;3
PRD0902124;4
PRD0902125;14
PRD0902126;3
PRD0902127;1
PRD0902128;1
PRD0902129;35
PRD0902130;3
PRD0902132;3
PRD0902134;7
PRD0902136;1
PRD0902137;14
PRD0902138;13
PRD0902139;4
PRD0902140;11
PRD0902141;3
PRD0902142;2
PRD0902143;1
PRD0902144;5
PRD0902145;1
PRD0902146;1
PRD0902148;10
PRD0902149;8
PRD0902150;1
PRD0902151;8
PRD0902153;1
PRD0902154;1
PRD0902155;8
PRD0902157;3
PRD0902158;13
PRD0902159;23
PRD0902160;1
PRD0902162;5
PRD0902163;30
PRD0902164;1
PRD0902165;5
PRD0902166;4
PRD0902167;10
PRD0902168;3
PRD0902169;2
PRD0902170;6
PRD0902171;1
PRD0902175;1
PRD0902176;4
PRD0902179;2
PRD0902180;4
PRD0902181;5
PRD0902182;2
PRD0902183;2
PRD0902185;3
PRD0902186;12
PRD0902187;5
PRD0902188;5
PRD0902189;2
PRD0902190;6
PRD0902191;1
PRD0902192;16
PRD0902194;7
PRD0902197;5
PRD0902198;29
PRD0902199;3
PRD0902200;8
PRD0902201;12
PRD0902203;7
PRD0902204;3
PRD0902205;4
PRD0902206;1
PRD0902207;14
PRD0902209;1
PRD0902212;4
PRD0902213;34
PRD0902214;1
PRD0902215;2
PRD0902216;9
PRD0902217;11
PRD0902218;7
PRD0902219;3
PRD0902220;4
PRD0902221;6
PRD0902222;7
PRD0902224;2
PRD0902225;6
PRD0902226;3
PRD0902227;2
PRD0902229;2
PRD0902232;7
PRD0902233;9
PRD0902234;1
PRD0902237;4
PRD0902238;4
PRD0902239;3
PRD0902240;1
PRD0902241;1
PRD0902242;34
PRD0902243;7
PRD0902245;1
PRD0902247;7
PRD0902248;5
PRD0902250;5
PRD0902252;2
PRD0902253;3
PRD0902254;8
PRD0902255;1
PRD0902256;4
PRD0902257;4
PRD0902258;3
PRD0902259;17
PRD0902261;2
PRD0902262;11
PRD0902264;4
PRD0902265;26
PRD0902266;7
PRD0902267;2
PRD0902268;20
PRD0902269;3
PRD0902270;4
PRD0902272;8
PRD0902273;1
PRD0902274;2
PRD0902275;2
PRD0902276;9
PRD0902277;19
PRD0902278;2
PRD0902279;6
PRD0902280;2
PRD0902282;1
PRD0902283;4
PRD0902284;4
PRD0902286;13
PRD0902287;4
PRD0902288;17
PRD0902289;19
PRD0902290;2
PRD0902291;5
PRD0902292;8
PRD0902294;4
PRD0902295;4
PRD0902297;4
PRD0902298;3
PRD0902299;2
PRD0902301;3
PRD0902302;2
PRD0902303;3
PRD0902305;4
PRD0902306;1
PRD0902308;7
PRD0902309;1
PRD0902310;5
PRD0902311;4
PRD0902312;3
PRD0902313;2
PRD0902314;22
PRD0902315;2
PRD0902316;2
PRD0902317;4
PRD0902318;10
PRD0902321;9
PRD0902322;73
PRD0902323;2
PRD0902324;6
PRD0902325;3
PRD0902328;9
PRD0902329;2
PRD0902330;2
PRD0902332;1
PRD0902333;2
PRD0902334;1
PRD0902335;4
PRD0902338;1
PRD0902340;1
PRD0902341;5
PRD0902342;6
PRD0902343;1
PRD0902345;21
PRD0902347;14
PRD0902350;3
PRD0902351;9
PRD0902352;1
PRD0902353;1
PRD0902354;3
PRD0902355;3
PRD0902356;1
PRD0902357;3
PRD0902358;3
PRD0902359;3
PRD0902361;5
PRD0902362;1
PRD0902363;2
PRD0902364;3
PRD0902365;4
PRD0902366;1
PRD0902367;1
PRD0902368;3
PRD0902370;8
PRD0902371;9
PRD0902372;6
PRD0902374;8
PRD0902375;23
PRD0902376;7
PRD0902377;4
PRD0902380;4
PRD0902382;2
PRD0902385;1
PRD0902386;7
PRD0902388;2
PRD0902389;2
PRD0902390;4
PRD0902391;1
PRD0902392;5
PRD0902394;5
PRD0902395;13
PRD0902396;1
PRD0902398;9
PRD0902399;6
PRD0902400;2
PRD0902401;1
PRD0902402;1
PRD0902403;4
PRD0902404;1
PRD0902405;8
PRD0902406;13
PRD0902407;2
PRD0902408;3
PRD0902409;6
PRD0902410;1
PRD0902411;5
PRD0902412;3
PRD0902413;1
PRD0902414;5
PRD0902415;3
PRD0902416;3
PRD0902417;3
PRD0902419;1
PRD0902420;6
PRD0902422;2
PRD0902423;23
PRD0902424;12
PRD0902425;6
PRD0902426;1
PRD0902427;1
PRD0902429;7
PRD0902430;2
PRD0902431;14
PRD0902432;5
PRD0902434;7
PRD0902435;1
PRD0902436;2
PRD0902438;3
PRD0902439;4
PRD0902440;2
PRD0902441;1
PRD0902443;11
PRD0902444;2
PRD0902445;1
PRD0902446;3
PRD0902447;2
PRD0902449;10
PRD0902450;2
PRD0902451;2
PRD0902452;5
PRD0902453;24
PRD0902455;8
PRD0902456;2
PRD0902457;7
PRD0902459;8
PRD0902460;2
PRD0902461;1
PRD0902462;6
PRD0902463;1
PRD0902464;3
PRD0902465;4
PRD0902467;5
PRD0902468;3
PRD0902469;2
PRD0902470;2
PRD0902471;2
PRD0902472;19
PRD0902473;13
PRD0902474;2
PRD0902476;3
PRD0902477;9
PRD0902478;9
PRD0902479;17
PRD0902480;4
PRD0902481;1
PRD0902482;7
PRD0902483;1
PRD0902484;12
PRD0902485;3
PRD0902486;3
PRD0902487;2
PRD0902488;3
PRD0902489;3
PRD0902490;7
PRD0902491;8
PRD0902492;3
PRD0902493;1
PRD0902494;2
PRD0902496;5
PRD0902497;2
PRD0902498;3
PRD0902499;18
PRD0902500;2
PRD0902501;3
PRD0902502;4
PRD0902503;20
PRD0902505;18
PRD0902506;2
PRD0902507;6
PRD0902509;21
PRD0902511;2
PRD0902513;1
PRD0902514;2
PRD0902515;2
PRD0902516;3
PRD0902517;1
PRD0902518;2
PRD0902519;1
PRD0902520;1
PRD0902521;1
PRD0902522;7
PRD0902524;1
PRD0902525;2
PRD0902526;3
PRD0902528;2
PRD0902530;1
PRD0902532;4
PRD0902533;3
PRD0902535;1
PRD0902536;5
PRD0902537;4
PRD0902539;4
PRD0902540;90
PRD0902541;5
PRD0902542;3
PRD0902544;3
PRD0902545;2
PRD0902546;2
PRD0902547;2
PRD0902548;1
PRD0902549;7
PRD0902551;3
PRD0902554;1
PRD0902555;15
PRD0902556;16
PRD0902557;3
PRD0902558;3
PRD0902559;3
PRD0902560;12
PRD0902561;5
PRD0902562;7
PRD0902563;6
PRD0902564;3
PRD0902565;5
PRD0902566;2
PRD0902569;24
PRD0902570;5
PRD0902571;5
PRD0902573;20
PRD0902575;5
PRD0902576;8
PRD0902577;2
PRD0902578;3
PRD0902579;7
PRD0902580;1
PRD0902581;6
PRD0902582;2
PRD0902583;2
PRD0902584;3
PRD0902585;4
PRD0902586;6
PRD0902587;15
PRD0902588;2
PRD0902589;1
PRD0902590;4
PRD0902592;1
PRD0902594;9
PRD0902595;4
PRD0902596;7
PRD0902597;10
PRD0902598;4
PRD0902599;13
PRD0902600;3
PRD0902601;20
PRD0902602;3
PRD0902603;4
PRD0902605;3
PRD0902606;2
PRD0902607;3
PRD0902608;7
PRD0902609;5
PRD0902610;9
PRD0902611;1
PRD0902612;1
PRD0902613;27
PRD0902614;2
PRD0902615;2
PRD0902617;1
PRD0902618;16
PRD0902619;2
PRD0902620;4
PRD0902621;9
PRD0902622;1
PRD0902623;2
PRD0902624;2
PRD0902625;2
PRD0902626;4
PRD0902627;5
PRD0902628;5
PRD0902629;7
PRD0902630;6
PRD0902631;6
PRD0902632;7
PRD0902634;1
PRD0902636;1
PRD0902637;5
PRD0902638;7
PRD0902639;5
PRD0902642;5
PRD0902643;2
PRD0902645;2
PRD0902646;5
PRD0902647;5
PRD0902648;3
PRD0902650;23
PRD0902651;3
PRD0902652;1
PRD0902653;3
PRD0902654;4
PRD0902655;2
PRD0902656;1
PRD0902657;4
PRD0902658;2
PRD0902659;3
PRD0902660;18
PRD0902661;4
PRD0902662;2
PRD0902665;1
PRD0902666;6
PRD0902667;6
PRD0902668;2
PRD0902669;2
PRD0902671;61
PRD0902672;2
PRD0902673;3
PRD0902674;2
PRD0902675;10
PRD0902676;3
PRD0902678;17
PRD0902679;8
PRD0902680;1
PRD0902681;10
PRD0902682;6
PRD0902684;1
PRD0902685;8
PRD0902686;13
PRD0902687;7
PRD0902688;3
PRD0902689;24
PRD0902690;4
PRD0902691;9
PRD0902692;25
PRD0902693;2
PRD0902694;3
PRD0902695;11
PRD0902697;9
PRD0902699;21
PRD0902700;53
PRD0902702;4
PRD0902704;1
PRD0902706;12
PRD0902707;2
PRD0902709;3
PRD0902710;1
PRD0902712;1
PRD0902713;4
PRD0902715;10
PRD0902717;4
PRD0902718;3
PRD0902719;4
PRD0902720;2
PRD0902721;6
PRD0902722;1
PRD0902723;22
PRD0902724;12
PRD0902728;58
PRD0902729;3
PRD0902731;2
PRD0902732;4
PRD0902733;3
PRD0902734;3
PRD0902735;13
PRD0902736;5
PRD0902737;3
PRD0902740;3
PRD0902742;4
PRD0902743;2
PRD0902745;2
PRD0902746;11
PRD0902747;3
PRD0902748;19
PRD0902749;8
PRD0902751;5
PRD0902752;3
PRD0902753;4
PRD0902754;2
PRD0902755;1
PRD0902756;1
PRD0902757;6
PRD0902758;3
PRD0902759;4
PRD0902760;7
PRD0902763;16
PRD0902764;1
PRD0902766;1
PRD0902767;7
PRD0902769;3
PRD0902770;2
PRD0902772;4
PRD0902773;2
PRD0902774;2
PRD0902775;2
PRD0902776;1
PRD0902777;2
PRD0902778;2
PRD0902780;5
PRD0902781;2
PRD0902782;5
PRD0902784;1
PRD0902785;3
PRD0902786;17
PRD0902787;10
PRD0902789;6
PRD0902790;6
PRD0902792;4
PRD0902794;3
PRD0902795;5
PRD0902796;4
PRD0902798;1
PRD0902801;6
PRD0902802;1
PRD0902803;5
PRD0902804;13
PRD0902805;2
PRD0902807;1
PRD0902808;55
PRD0902809;2
PRD0902810;3
PRD0902812;2
PRD0902813;22
PRD0902814;2
PRD0902815;2
PRD0902816;3
PRD0902817;13
PRD0902819;30
PRD0902821;6
PRD0902822;5
PRD0902825;3
PRD0902826;5
PRD0902829;4
PRD0902832;7
PRD0902833;1
PRD0902834;1
PRD0902836;3
PRD0902837;9
PRD0902838;4
PRD0902839;5
PRD0902840;60
PRD0902841;2
PRD0902842;2
PRD0902843;2
PRD0902844;15
PRD0902845;4
PRD0902847;2
PRD0902848;2
PRD0902849;1
PRD0902850;4
PRD0902852;6
PRD0902853;1
PRD0902855;8
PRD0902856;11
PRD0902858;1
PRD0902859;1
PRD0902860;3
PRD0902861;4
PRD0902862;1
PRD0902863;2
PRD0902866;2
PRD0902867;5
PRD0902868;6
PRD0902869;5
PRD0902871;2
PRD0902873;5
PRD0902874;4
PRD0902875;3
PRD0902876;3
PRD0902877;2
PRD0902878;1
PRD0902880;6
PRD0902881;1
PRD0902882;58
PRD0902883;9
PRD0902886;2
PRD0902887;8
PRD0902889;5
PRD0902890;9
PRD0902891;10
PRD0902892;6
PRD0902894;1
PRD0902895;2
PRD0902896;2
PRD0902897;7
PRD0902898;30
PRD0902899;8
PRD0902900;29
PRD0902901;3
PRD0902903;3
PRD0902904;3
PRD0902906;5
PRD0902907;8
PRD0902908;9
PRD0902909;5
PRD0902911;2
PRD0902912;12
PRD0902913;27
PRD0902914;1
PRD0902915;2
PRD0902916;4
PRD0902917;7
PRD0902918;1
PRD0902919;6
PRD0902920;6
PRD0902923;7
PRD0902924;17
PRD0902925;3
PRD0902927;1
PRD0902928;4
PRD0902929;128
PRD0902930;18
PRD0902931;3
PRD0902934;1
PRD0902936;2
PRD0902938;6
PRD0902939;1
PRD0902940;1
PRD0902941;3
PRD0902942;28
PRD0902944;53
PRD0902945;9
PRD0902946;3
PRD0902947;1
PRD0902948;7
PRD0902950;2
PRD0902951;4
PRD0902952;4
PRD0902953;2
PRD0902954;8
PRD0902957;6
PRD0902958;4
PRD0902959;3
PRD0902960;9
PRD0902962;2
PRD0902963;7
PRD0902967;2
PRD0902968;8
PRD0902969;33
PRD0902970;2
PRD0902971;8
PRD0902974;5
PRD0902976;5
PRD0902978;1
PRD0902979;1
PRD0902980;1
PRD0902982;15
PRD0902984;2
PRD0902985;1
PRD0902986;1
PRD0902987;5
PRD0902988;3
PRD0902989;2
PRD0902991;1
PRD0902993;5
PRD0902995;1
PRD0902997;3
PRD0902999;1
PRD0903000;1
PRD0903001;8
PRD0903003;13
PRD0903004;1
PRD0903007;19
PRD0903008;9
PRD0903009;2
PRD0903010;8
PRD0903013;6
PRD0903014;3
PRD0903017;4
PRD0903018;4
PRD0903019;2
PRD0903020;1
PRD0903021;6
PRD0903022;24
PRD0903023;1
PRD0903025;1
PRD0903026;5
PRD0903027;2
PRD0903028;2
PRD0903030;3
PRD0903033;35
PRD0903034;4
PRD0903035;3
PRD0903037;3
PRD0903038;2
PRD0903039;6
PRD0903040;1
PRD0903041;3
PRD0903042;7
PRD0903043;4
PRD0903044;11
PRD0903046;3
PRD0903047;11
PRD0903048;3
PRD0903050;22
PRD0903051;9
PRD0903052;577
PRD0903053;21
PRD0903054;1
PRD0903055;4
PRD0903057;11
PRD0903058;12
PRD0903060;4
PRD0903061;1
PRD0903062;2
PRD0903063;2
PRD0903064;1
PRD0903066;2
PRD0903069;3
PRD0903071;5
PRD0903072;1
PRD0903073;4
PRD0903074;148
PRD0903075;2
PRD0903076;3
PRD0903077;3
PRD0903078;37
PRD0903079;4
PRD0903080;2
PRD0903081;53
PRD0903082;4
PRD0903083;1
PRD0903084;2
PRD0903085;5
PRD0903086;7
PRD0903088;3
PRD0903089;4
PRD0903090;22
PRD0903091;2
PRD0903093;5
PRD0903094;2
PRD0903095;2
PRD0903096;15
PRD0903098;2
PRD0903099;3
PRD0903100;3
PRD0903101;16
PRD0903102;3
PRD0903105;1
PRD0903106;10
PRD0903107;5
PRD0903108;3
PRD0903109;1
PRD0903110;14
PRD0903111;2
PRD0903112;4
PRD0903113;7
PRD0903114;16
PRD0903115;11
PRD0903117;2
PRD0903120;1
PRD0903121;1
PRD0903122;11
PRD0903123;6
PRD0903125;5
PRD0903127;4
PRD0903128;2
PRD0903129;2
PRD0903130;29
PRD0903131;2
PRD0903133;4
PRD0903134;6
PRD0903135;4
PRD0903136;5
PRD0903137;2
PRD0903138;7
PRD0903139;3
PRD0903140;11
PRD0903141;13
PRD0903142;1
PRD0903143;4
PRD0903144;4
PRD0903145;4
PRD0903146;3
PRD0903147;9
PRD0903149;2
PRD0903152;7
PRD0903153;5
PRD0903154;2
PRD0903156;5
PRD0903157;3
PRD0903158;13
PRD0903159;2
PRD0903161;3
PRD0903162;9
PRD0903164;3
PRD0903166;1
PRD0903168;12
PRD0903169;4
PRD0903170;8
PRD0903171;3
PRD0903172;2
PRD0903174;3
PRD0903175;4
PRD0903176;7
PRD0903177;2
PRD0903178;4
PRD0903179;1
PRD0903181;21
PRD0903183;7
PRD0903184;11
PRD0903185;3
PRD0903188;1
PRD0903189;7
PRD0903190;14
PRD0903191;4
PRD0903192;15
PRD0903193;1
PRD0903194;7
PRD0903195;7
PRD0903196;3
PRD0903197;8
PRD0903198;6
PRD0903199;3
PRD0903200;7
PRD0903202;3
PRD0903203;5
PRD0903204;11
PRD0903205;6
PRD0903207;1
PRD0903208;5
PRD0903211;19
PRD0903212;3
PRD0903213;1
PRD0903214;8
PRD0903215;17
PRD0903216;2
PRD0903217;4
PRD0903218;9
PRD0903219;4
PRD0903221;3
PRD0903222;2
PRD0903223;7
PRD0903224;2
PRD0903225;1
PRD0903227;7
PRD0903228;91
PRD0903229;3
PRD0903230;2
PRD0903231;2
PRD0903232;2
PRD0903233;7
PRD0903234;21
PRD0903235;4
PRD0903239;1
PRD0903240;2
PRD0903241;5
PRD0903242;1
PRD0903243;15
PRD0903244;1
PRD0903245;10
PRD0903246;20
PRD0903247;2
PRD0903248;3
PRD0903249;1
PRD0903250;25
PRD0903251;3
PRD0903253;2
PRD0903254;1
PRD0903255;13
PRD0903256;14
PRD0903257;3
PRD0903259;3
PRD0903260;3
PRD0903262;2
PRD0903263;1
PRD0903264;2
PRD0903265;2
PRD0903266;1
PRD0903267;1
PRD0903269;57
PRD0903270;15
PRD0903271;10
PRD0903273;8
PRD0903274;13
PRD0903276;1
PRD0903278;4
PRD0903279;3
PRD0903280;1
PRD0903282;3
PRD0903283;2
PRD0903284;4
PRD0903285;9
PRD0903286;8
PRD0903287;3
PRD0903288;4
PRD0903290;3
PRD0903291;5
PRD0903294;2
PRD0903295;2
PRD0903296;3
PRD0903297;5
PRD0903298;29
PRD0903300;2
PRD0903301;11
PRD0903302;3
PRD0903303;13
PRD0903304;4
PRD0903306;3
PRD0903307;11
PRD0903308;5
PRD0903309;7
PRD0903311;1
PRD0903312;2
PRD0903313;21
PRD0903315;5
PRD0903316;1
PRD0903317;24
PRD0903320;7
PRD0903321;18
PRD0903324;1
PRD0903325;10
PRD0903327;9
PRD0903328;5
PRD0903329;1
PRD0903330;10
PRD0903331;4
PRD0903332;2
PRD0903333;3
PRD0903334;7
PRD0903335;6
PRD0903336;8
PRD0903338;10
PRD0903339;1
PRD0903340;2
PRD0903341;22
PRD0903342;7
PRD0903348;13
PRD0903349;6
PRD0903352;6
PRD0903353;6
PRD0903355;1
PRD0903359;2
PRD0903360;8
PRD0903362;46
PRD0903364;6
PRD0903365;5
PRD0903366;1
PRD0903367;2
PRD0903369;2
PRD0903370;4
PRD0903371;4
PRD0903372;1
PRD0903373;18
PRD0903374;13
PRD0903375;3
PRD0903376;12
PRD0903377;37
PRD0903378;8
PRD0903380;1
PRD0903382;5
PRD0903383;2
PRD0903384;3
PRD0903386;1
PRD0903387;3
PRD0903388;22
PRD0903389;40
PRD0903390;3
PRD0903392;1
PRD0903393;13
PRD0903394;3
PRD0903395;39
PRD0903396;10
PRD0903397;1
PRD0903398;2
PRD0903399;71
PRD0903400;1
PRD0903401;11
PRD0903402;4
PRD0903403;12
PRD0903405;1
PRD0903407;15
PRD0903408;6
PRD0903409;9
PRD0903410;5
PRD0903412;1
PRD0903413;1
PRD0903414;3
PRD0903415;10
PRD0903417;2
PRD0903419;5
PRD0903422;3
PRD0903423;22
PRD0903426;5
PRD0903427;2
PRD0903428;1
PRD0903429;9
PRD0903430;5
PRD0903432;9
PRD0903433;1
PRD0903434;3
PRD0903435;1
PRD0903436;13
PRD0903437;30
PRD0903438;7
PRD0903439;3
PRD0903440;2
PRD0903441;9
PRD0903442;2
PRD0903444;1
PRD0903445;2
PRD0903446;1
PRD0903447;5
PRD0903449;1
PRD0903451;3
PRD0903452;7
PRD0903454;1
PRD0903455;1
PRD0903456;1
PRD0903457;2
PRD0903458;3
PRD0903459;2
PRD0903460;26
PRD0903463;8
PRD0903464;1
PRD0903465;2
PRD0903466;2
PRD0903467;4
PRD0903468;2
PRD0903469;15
PRD0903470;3
PRD0903471;6
PRD0903472;6
PRD0903473;8
PRD0903475;3
PRD0903476;5
PRD0903477;8
PRD0903478;1
PRD0903479;1
PRD0903480;3
PRD0903481;4
PRD0903482;1
PRD0903485;23
PRD0903486;2
PRD0903487;1
PRD0903489;6
PRD0903490;2
PRD0903491;1
PRD0903492;12
PRD0903494;5
PRD0903495;5
PRD0903496;2
PRD0903497;56
PRD0903498;11
PRD0903499;1
PRD0903500;1
PRD0903502;1
PRD0903505;4
PRD0903507;1
PRD0903509;2
PRD0903510;2
PRD0903511;9
PRD0903513;25
PRD0903514;26
PRD0903515;1
PRD0903516;38
PRD0903518;9
PRD0903520;2
PRD0903521;1
PRD0903522;5
PRD0903523;7
PRD0903524;3
PRD0903525;5
PRD0903526;5
PRD0903527;1
PRD0903528;4
PRD0903529;3
PRD0903531;4
PRD0903532;1
PRD0903533;1
PRD0903535;2
PRD0903536;3
PRD0903538;1
PRD0903539;1
PRD0903540;5
PRD0903541;8
PRD0903542;46
PRD0903543;9
PRD0903544;1
PRD0903545;5
PRD0903547;1
PRD0903548;4
PRD0903552;7
PRD0903554;1
PRD0903556;8
PRD0903557;12
PRD0903558;2
PRD0903560;8
PRD0903561;12
PRD0903563;12
PRD0903564;5
PRD0903565;2
PRD0903566;3
PRD0903567;13
PRD0903569;3
PRD0903570;1
PRD0903571;20
PRD0903572;3
PRD0903574;2
PRD0903576;1
PRD0903577;1
PRD0903578;3
PRD0903579;3
PRD0903580;1
PRD0903581;3
PRD0903582;4
PRD0903583;1
PRD0903585;3
PRD0903586;27
PRD0903588;47
PRD0903590;11
PRD0903591;4
PRD0903592;2
PRD0903593;3
PRD0903594;1
PRD0903596;16
PRD0903597;4
PRD0903598;7
PRD0903599;11
PRD0903601;2
PRD0903602;6
PRD0903604;1
PRD0903605;2
PRD0903606;2
PRD0903607;14
PRD0903608;25
PRD0903609;1
PRD0903610;1
PRD0903611;11
PRD0903612;22
PRD0903613;1
PRD0903614;2
PRD0903615;17
PRD0903617;17
PRD0903618;10
PRD0903619;6
PRD0903620;44
PRD0903621;4
PRD0903622;1
PRD0903623;2
PRD0903624;3
PRD0903625;2
PRD0903627;44
PRD0903628;4
PRD0903629;4
PRD0903630;5
PRD0903631;4
PRD0903632;7
PRD0903633;2
PRD0903635;1
PRD0903636;2
PRD0903637;12
PRD0903639;15
PRD0903642;2
PRD0903644;33
PRD0903646;1
PRD0903647;2
PRD0903650;9
PRD0903651;4
PRD0903654;6
PRD0903655;5
PRD0903657;2
PRD0903658;2
PRD0903659;2
PRD0903660;4
PRD0903661;1
PRD0903662;4
PRD0903663;2
PRD0903664;4
PRD0903665;7
PRD0903667;7
PRD0903668;1
PRD0903670;4
PRD0903671;2
PRD0903672;4
PRD0903674;1
PRD0903677;30
PRD0903678;620
PRD0903680;8
PRD0903685;26
PRD0903686;8
PRD0903687;3
PRD0903688;2
PRD0903689;1
PRD0903690;7
PRD0903691;8
PRD0903692;1
PRD0903693;12
PRD0903694;3
PRD0903695;3
PRD0903696;3
PRD0903697;2
PRD0903699;2
PRD0903700;3
PRD0903701;2
PRD0903702;1
PRD0903703;5
PRD0903704;8
PRD0903705;8
PRD0903706;16
PRD0903707;1
PRD0903710;2
PRD0903711;12
PRD0903714;5
PRD0903717;8
PRD0903718;2
PRD0903720;7
PRD0903721;5
PRD0903722;7
PRD0903723;4
PRD0903724;3
PRD0903725;2
PRD0903727;7
PRD0903728;2
PRD0903729;1
PRD0903730;2
PRD0903731;2
PRD0903733;3
PRD0903735;1
PRD0903737;1
PRD0903738;2
PRD0903739;7
PRD0903740;2
PRD0903741;2
PRD0903744;3
PRD0903745;5
PRD0903746;5
PRD0903747;1
PRD0903748;1
PRD0903749;1
PRD0903750;14
PRD0903751;12
PRD0903753;4
PRD0903757;8
PRD0903758;1
PRD0903759;3
PRD0903760;1
PRD0903761;9
PRD0903762;1
PRD0903763;10
PRD0903764;28
PRD0903765;5
PRD0903767;2
PRD0903768;7
PRD0903769;3
PRD0903770;9
PRD0903771;2
PRD0903772;1
PRD0903774;21
PRD0903776;27
PRD0903777;4
PRD0903778;2
PRD0903779;3
PRD0903781;4
PRD0903782;8
PRD0903783;3
PRD0903786;17
PRD0903787;4
PRD0903788;71
PRD0903789;3
PRD0903790;3
PRD0903791;3
PRD0903792;4
PRD0903794;6
PRD0903796;8
PRD0903797;1
PRD0903798;1
PRD0903799;3
PRD0903800;3
PRD0903801;3
PRD0903802;1
PRD0903804;3
PRD0903805;7
PRD0903806;57
PRD0903807;2
PRD0903809;5
PRD0903810;3
PRD0903812;19
PRD0903813;3
PRD0903814;3
PRD0903815;5
PRD0903816;9
PRD0903817;3
PRD0903819;8
PRD0903820;1
PRD0903821;6
PRD0903822;15
PRD0903823;1
PRD0903824;2
PRD0903825;7
PRD0903826;4
PRD0903827;9
PRD0903828;19
PRD0903829;2
PRD0903831;3
PRD0903832;7
PRD0903833;6
PRD0903834;2
PRD0903835;10
PRD0903836;12
PRD0903837;14
PRD0903841;4
PRD0903842;1
PRD0903844;1
PRD0903845;6
PRD0903846;72
PRD0903850;7
PRD0903851;3
PRD0903852;6
PRD0903853;1
PRD0903854;10
PRD0903855;2
PRD0903859;3
PRD0903860;9
PRD0903861;3
PRD0903862;1
PRD0903863;4
PRD0903864;4
PRD0903865;3
PRD0903866;3
PRD0903867;57
PRD0903868;17
PRD0903869;16
PRD0903870;2
PRD0903872;3
PRD0903874;2
PRD0903875;6
PRD0903876;9
PRD0903877;7
PRD0903878;14
PRD0903879;2
PRD0903881;2
PRD0903882;6
PRD0903883;4
PRD0903884;3
PRD0903886;4
PRD0903888;4
PRD0903889;1
PRD0903890;8
PRD0903891;6
PRD0903893;1
PRD0903896;9
PRD0903897;3
PRD0903898;20
PRD0903899;6
PRD0903900;9
PRD0903901;3
PRD0903902;2
PRD0903903;5
PRD0903905;2
PRD0903906;4
PRD0903907;4
PRD0903908;16
PRD0903909;3
PRD0903910;5
PRD0903911;1
PRD0903913;33
PRD0903914;2
PRD0903917;10
PRD0903918;7
PRD0903920;3
PRD0903921;1
PRD0903922;3
PRD0903923;10
PRD0903924;5
PRD0903925;6
PRD0903927;6
PRD0903929;3
PRD0903930;4
PRD0903931;6
PRD0903932;1
PRD0903933;3
PRD0903934;5
PRD0903935;5
PRD0903936;4
PRD0903939;9
PRD0903940;1
PRD0903941;5
PRD0903942;7
PRD0903944;1
PRD0903949;5
PRD0903950;1
PRD0903951;2
PRD0903954;2
PRD0903956;2
PRD0903957;7
PRD0903959;11
PRD0903960;1
PRD0903961;3
PRD0903962;3
PRD0903963;10
PRD0903964;8
PRD0903965;2
PRD0903968;4
PRD0903970;2
PRD0903971;2
PRD0903972;4
PRD0903973;1
PRD0903974;6
PRD0903975;8
PRD0903976;2
PRD0903977;4
PRD0903978;1
PRD0903980;9
PRD0903981;6
PRD0903982;1
PRD0903983;1
PRD0903984;1
PRD0903986;4
PRD0903987;4
PRD0903988;16
PRD0903990;2
PRD0903991;29
PRD0903992;5
PRD0903993;86
PRD0903995;3
PRD0903996;5
PRD0903997;4
PRD0903998;2
PRD0903999;3
PRD0904000;5
PRD0904001;25
PRD0904002;3
PRD0904004;10
PRD0904005;11
PRD0904007;6
PRD0904008;5
PRD0904009;4
PRD0904010;2
PRD0904011;7
PRD0904013;6
PRD0904014;9
PRD0904015;1
PRD0904016;3
PRD0904018;1
PRD0904019;3
PRD0904020;8
PRD0904023;9
PRD0904024;5
PRD0904025;17
PRD0904026;2
PRD0904027;5
PRD0904028;1
PRD0904029;9
PRD0904030;2
PRD0904033;3
PRD0904034;3
PRD0904035;4
PRD0904036;4
PRD0904038;10
PRD0904039;6
PRD0904040;2
PRD0904041;2
PRD0904043;5
PRD0904044;90
PRD0904045;15
PRD0904046;7
PRD0904047;2
PRD0904048;2
PRD0904050;7
PRD0904054;4
PRD0904055;9
PRD0904056;6
PRD0904057;4
PRD0904058;6
PRD0904059;8
PRD0904060;3
PRD0904061;6
PRD0904062;8
PRD0904063;6
PRD0904064;1
PRD0904065;2
PRD0904066;32
PRD0904067;3
PRD0904068;1
PRD0904070;2
PRD0904071;2
PRD0904072;3
PRD0904073;3
PRD0904074;3
PRD0904075;3
PRD0904076;4
PRD0904077;9
PRD0904079;2
PRD0904080;6
PRD0904081;2
PRD0904082;3
PRD0904083;4
PRD0904084;1
PRD0904085;2
PRD0904086;3
PRD0904088;7
PRD0904089;2
PRD0904090;6
PRD0904091;1
PRD0904092;6
PRD0904093;1
PRD0904096;8
PRD0904097;5
PRD0904098;4
PRD0904099;18
PRD0904100;4
PRD0904101;3
PRD0904102;2
PRD0904103;9
PRD0904107;2
PRD0904108;1
PRD0904109;10
PRD0904110;4
PRD0904112;2
PRD0904113;6
PRD0904114;11
PRD0904115;5
PRD0904116;1
PRD0904119;1
PRD0904120;9
PRD0904121;3
PRD0904122;1
PRD0904123;3
PRD0904124;1
PRD0904125;1
PRD0904127;2
PRD0904129;2
PRD0904130;4
PRD0904132;3
PRD0904133;7
PRD0904134;2
PRD0904136;7
PRD0904138;7
PRD0904139;1
PRD0904140;7
PRD0904141;1
PRD0904142;16
PRD0904143;3
PRD0904144;4
PRD0904148;2
PRD0904149;5
PRD0904150;3
PRD0904152;13
PRD0904154;1
PRD0904155;2
PRD0904156;8
PRD0904157;33
PRD0904158;17
PRD0904159;1
PRD0904160;4
PRD0904161;2
PRD0904162;14
PRD0904163;4
PRD0904164;4
PRD0904165;1
PRD0904166;2
PRD0904167;11
PRD0904168;2
PRD0904169;1
PRD0904170;10
PRD0904171;7
PRD0904173;2
PRD0904174;14
PRD0904175;1
PRD0904176;3
PRD0904177;1
PRD0904178;5
PRD0904182;1
PRD0904183;21
PRD0904184;2
PRD0904185;6
PRD0904188;1
PRD0904190;2
PRD0904191;8
PRD0904192;9
PRD0904194;30
PRD0904195;6
PRD0904196;3
PRD0904197;1
PRD0904198;2
PRD0904199;6
PRD0904201;1
PRD0904202;7
PRD0904203;5
PRD0904204;7
PRD0904205;4
PRD0904207;6
PRD0904208;8
PRD0904209;1
PRD0904210;13
PRD0904211;9
PRD0904212;26
PRD0904213;7
PRD0904215;3
PRD0904217;4
PRD0904218;5
PRD0904219;1
PRD0904224;1
PRD0904225;1
PRD0904226;2
PRD0904227;2
PRD0904228;1
PRD0904229;4
PRD0904230;12
PRD0904232;2
PRD0904233;3
PRD0904234;13
PRD0904235;1
PRD0904237;12
PRD0904239;2
PRD0904240;11
PRD0904241;10
PRD0904242;2
PRD0904243;3
PRD0904244;3
PRD0904245;33
PRD0904246;6
PRD0904248;34
PRD0904249;3
PRD0904250;54
PRD0904251;1
PRD0904252;17
PRD0904253;1
PRD0904254;4
PRD0904255;4
PRD0904256;2
PRD0904258;3
PRD0904261;15
PRD0904262;5
PRD0904263;3
PRD0904264;8
PRD0904265;2
PRD0904266;3
PRD0904267;2
PRD0904269;10
PRD0904270;4
PRD0904271;2
PRD0904272;3
PRD0904273;4
PRD0904274;1
PRD0904275;1
PRD0904276;6
PRD0904277;2
PRD0904278;3
PRD0904281;21
PRD0904282;1
PRD0904283;4
PRD0904284;2
PRD0904286;17
PRD0904288;2
PRD0904289;6
PRD0904291;2
PRD0904292;4
PRD0904293;3
PRD0904294;11
PRD0904295;3
PRD0904297;3
PRD0904298;2
PRD0904299;1
PRD0904301;2
PRD0904304;3
PRD0904305;4
PRD0904306;2
PRD0904308;7
PRD0904309;1
PRD0904310;1
PRD0904311;13
PRD0904315;4
PRD0904316;1
PRD0904318;13
PRD0904319;15
PRD0904320;2
PRD0904321;6
PRD0904322;6
PRD0904323;5
PRD0904324;6
PRD0904325;3
PRD0904327;7
PRD0904328;1
PRD0904329;3
PRD0904330;4
PRD0904331;1
PRD0904332;5
PRD0904334;5
PRD0904335;4
PRD0904336;3
PRD0904337;5
PRD0904339;10
PRD0904340;8
PRD0904344;2
PRD0904345;11
PRD0904347;3
PRD0904348;3
PRD0904350;2
PRD0904351;1
PRD0904352;2
PRD0904353;2
PRD0904354;1
PRD0904355;3
PRD0904356;1
PRD0904357;9
PRD0904358;416
PRD0904359;5
PRD0904360;6
PRD0904363;11
PRD0904364;9
PRD0904365;2
PRD0904366;5
PRD0904367;5
PRD0904369;2
PRD0904370;7
PRD0904371;8
PRD0904372;1
PRD0904373;2
PRD0904374;4
PRD0904375;2
PRD0904376;5
PRD0904379;3
PRD0904380;4
PRD0904382;1
PRD0904384;1
PRD0904385;1
PRD0904387;8
PRD0904388;1
PRD0904389;6
PRD0904391;7
PRD0904392;1
PRD0904394;4
PRD0904396;6
PRD0904397;4
PRD0904398;1
PRD0904399;7
PRD0904400;4
PRD0904401;3
PRD0904402;1
PRD0904403;2
PRD0904404;8
PRD0904405;3
PRD0904406;1
PRD0904407;3
PRD0904408;2
PRD0904409;43
PRD0904410;2
PRD0904411;7
PRD0904412;1
PRD0904413;4
PRD0904414;1
PRD0904415;3
PRD0904417;3
PRD0904418;4
PRD0904419;10
PRD0904420;6
PRD0904421;39
PRD0904422;7
PRD0904423;4
PRD0904424;10
PRD0904425;4
PRD0904426;7
PRD0904427;4
PRD0904428;2
PRD0904430;2
PRD0904431;3
PRD0904432;3
PRD0904433;11
PRD0904434;6
PRD0904435;3
PRD0904436;8
PRD0904437;3
PRD0904438;2
PRD0904440;2
PRD0904441;12
PRD0904442;1
PRD0904443;3
PRD0904444;11
PRD0904445;4
PRD0904446;1
PRD0904447;5
PRD0904450;1
PRD0904452;2
PRD0904453;8
PRD0904454;3
PRD0904455;3
PRD0904458;2
PRD0904459;9
PRD0904460;3
PRD0904462;3
PRD0904463;8
PRD0904464;1
PRD0904465;1
PRD0904466;2
PRD0904468;2
PRD0904469;16
PRD0904470;2
PRD0904474;4
PRD0904475;4
PRD0904477;1
PRD0904478;21
PRD0904479;5
PRD0904480;11
PRD0904481;3
PRD0904482;3
PRD0904483;1
PRD0904484;2
PRD0904486;7
PRD0904487;2
PRD0904488;19
PRD0904489;9
PRD0904490;11
PRD0904492;5
PRD0904493;4
PRD0904494;5
PRD0904495;3
PRD0904496;2
PRD0904498;12
PRD0904499;2
PRD0904500;4
PRD0904501;2
PRD0904502;10
PRD0904503;2
PRD0904504;3
PRD0904505;6
PRD0904506;3
PRD0904507;4
PRD0904508;3
PRD0904509;4
PRD0904510;6
PRD0904511;27
PRD0904513;1
PRD0904514;2
PRD0904516;5
PRD0904517;2
PRD0904518;5
PRD0904519;10
PRD0904520;4
PRD0904522;1
PRD0904523;5
PRD0904525;5
PRD0904526;1
PRD0904527;6
PRD0904528;18
PRD0904529;3
PRD0904530;5
PRD0904531;5
PRD0904532;7
PRD0904533;5
PRD0904534;8
PRD0904535;11
PRD0904537;3
PRD0904538;3
PRD0904539;2
PRD0904540;2
PRD0904541;1
PRD0904544;3
PRD0904545;3
PRD0904546;1
PRD0904547;3
PRD0904548;5
PRD0904549;1
PRD0904551;2
PRD0904552;10
PRD0904553;1
PRD0904554;4
PRD0904555;11
PRD0904557;17
PRD0904558;2
PRD0904559;22
PRD0904561;8
PRD0904564;3
PRD0904565;1
PRD0904566;3
PRD0904567;8
PRD0904568;1
PRD0904569;16
PRD0904570;5
PRD0904572;2
PRD0904574;1
PRD0904575;2
PRD0904576;1
PRD0904577;1
PRD0904579;5
PRD0904580;1
PRD0904581;2
PRD0904584;2
PRD0904585;4
PRD0904587;2
PRD0904588;3
PRD0904590;1
PRD0904591;2
PRD0904592;5
PRD0904593;2
PRD0904594;1
PRD0904595;5
PRD0904596;1
PRD0904598;5
PRD0904599;13
PRD0904600;8
PRD0904601;3
PRD0904602;4
PRD0904603;4
PRD0904604;3
PRD0904605;1
PRD0904606;18
PRD0904608;3
PRD0904612;2
PRD0904613;5
PRD0904614;9
PRD0904615;8
PRD0904616;3
PRD0904617;1
PRD0904618;1
PRD0904619;2
PRD0904620;15
PRD0904621;7
PRD0904622;3
PRD0904623;2
PRD0904624;7
PRD0904626;2
PRD0904627;1
PRD0904630;1
PRD0904632;2
PRD0904634;1
PRD0904636;8
PRD0904637;7
PRD0904638;3
PRD0904639;11
PRD0904640;3
PRD0904641;2
PRD0904642;1
PRD0904643;1
PRD0904645;6
PRD0904647;18
PRD0904648;4
PRD0904649;6
PRD0904650;4
PRD0904651;4
PRD0904652;44
PRD0904656;8
PRD0904657;7
PRD0904658;1
PRD0904660;2
PRD0904661;3
PRD0904662;2
PRD0904663;2
PRD0904664;3
PRD0904666;3
PRD0904667;3
PRD0904668;2
PRD0904669;8
PRD0904670;2
PRD0904672;12
PRD0904673;2
PRD0904674;11
PRD0904675;2
PRD0904676;3
PRD0904677;2
PRD0904678;2
PRD0904679;32
PRD0904680;3
PRD0904681;8
PRD0904684;27
PRD0904686;6
PRD0904687;2
PRD0904688;4
PRD0904690;11
PRD0904692;2
PRD0904693;3
PRD0904695;11
PRD0904696;3
PRD0904697;4
PRD0904698;8
PRD0904699;3
PRD0904703;7
PRD0904704;2
PRD0904705;3
PRD0904707;5
PRD0904708;1
PRD0904709;1
PRD0904710;9
PRD0904711;1
PRD0904713;3
PRD0904714;3
PRD0904715;3
PRD0904718;2
PRD0904719;7
PRD0904720;6
PRD0904721;2
PRD0904722;21
PRD0904723;138
PRD0904725;1
PRD0904726;3
PRD0904727;1
PRD0904728;3
PRD0904729;1
PRD0904730;3
PRD0904731;3
PRD0904732;3
PRD0904733;6
PRD0904736;8
PRD0904737;5
PRD0904738;19
PRD0904739;1
PRD0904740;5
PRD0904742;1
PRD0904743;19
PRD0904744;1
PRD0904745;15
PRD0904746;4
PRD0904748;6
PRD0904749;1
PRD0904750;6
PRD0904751;21
PRD0904752;3
PRD0904754;3
PRD0904755;22
PRD0904756;2
PRD0904757;8
PRD0904758;6
PRD0904759;2
PRD0904760;5
PRD0904761;15
PRD0904763;2
PRD0904764;2
PRD0904766;2
PRD0904771;3
PRD0904772;1
PRD0904773;4
PRD0904774;15
PRD0904775;4
PRD0904776;1
PRD0904777;3
PRD0904778;2
PRD0904780;26
PRD0904781;6
PRD0904782;12
PRD0904785;8
PRD0904786;3
PRD0904788;8
PRD0904789;12
PRD0904791;21
PRD0904792;10
PRD0904793;2
PRD0904794;6
PRD0904795;4
PRD0904797;15
PRD0904800;1
PRD0904802;1
PRD0904803;6
PRD0904804;2
PRD0904805;1
PRD0904806;13
PR